dataset,label,value,extra
stats,todayOrders,16580,
stats,monthSalesWan,485,
stats,activeUsers,3450,
stats,fulfillmentRate,99.5,
salesTrend,周一,160,
salesTrend,周二,240,
salesTrend,周三,220,
salesTrend,周四,290,
salesTrend,周五,360,
salesTrend,周六,210,
salesTrend,周日,270,
categoryShare,电子产品,42,
categoryShare,服饰,18,
categoryShare,家居,15,
categoryShare,食品,25,
regionSales,华北,360,
regionSales,华东,480,
regionSales,华南,330,
regionSales,华中,350,
regionSales,西南,320,
regionSales,西北,210,
trafficSource,直接访问,88,100
trafficSource,搜索引擎,92,100
trafficSource,社交媒体,78,100
trafficSource,邮件营销,60,100
trafficSource,广告投放,85,100
userGrowth,1天前,920,
userGrowth,2天前,1080,
userGrowth,3天前,1010,
userGrowth,4天前,1150,
userGrowth,5天前,1400,
userGrowth,6天前,1450,
userGrowth,7天前,1420,
